"ticket_id","ticket"
"TICK-0001","My credit card was charged twice for order #48921 but I only received one confirmation email."
"TICK-0002","My payment was deducted from my bank account but my order was not placed."
"TICK-0003","The checkout page failed with transaction error 4002 yet funds were deducted from my wallet."
"TICK-0004","Why did you charge an extra  on my monthly subscription invoice this month?"
"TICK-0005","My debit card was declined at checkout but my bank statement shows pending authorization."
"TICK-0006","I noticed an unfamiliar billing charge of .99 from your company on my credit card statement."
"TICK-0007","The promo coupon discount was not applied before the payment was processed on order #8921."
"TICK-0008","I was charged currency conversion fees even though I selected payment in USD."
"TICK-0009","My PayPal payment shows completed but your website says payment pending."
"TICK-0010","I was billed for an annual membership that I thought was on a free trial."
"TICK-0011","Can I split the payment between two gift cards and a credit card for my purchase?"
"TICK-0012","I received an invoice for services I never signed up for or authorized."
"TICK-0013","I received order #55120 but item SKU-901 was missing from the box."
"TICK-0014","I mistakenly ordered 5 units of the wireless mouse instead of 1. Can you change the quantity?"
"TICK-0015","The order confirmation shows the wrong color for the jacket I purchased yesterday."
"TICK-0016","Can I add an additional set of headphones to my existing order before it ships out?"
"TICK-0017","I placed an order two hours ago and haven't received any confirmation email or order number."
"TICK-0018","My order status has been stuck on 'Processing' for over six business days."
"TICK-0019","I received someone else's order containing kitchenware instead of my electronics package."
"TICK-0020","Can you combine my two separate orders #7812 and #7815 into a single shipment?"
"TICK-0021","The order summary lists the wrong billing address, how can I update it?"
"TICK-0022","I ordered three shirts but only received two in the delivery package."
"TICK-0023","How do I view the full itemized purchase receipt for my recent order?"
"TICK-0024","The custom engraving requested during order checkout was completely missing from the product."
"TICK-0025","My package has not arrived and it was supposed to arrive yesterday."
"TICK-0026","The tracking number for courier FedEx shows 'Delivered in mailbox' but my mailbox is completely empty."
"TICK-0027","The shipping status hasn't updated for five days and courier tracking says 'In transit delay'."
"TICK-0028","My delivery package was dropped off at the wrong apartment building across the street."
"TICK-0029","The delivery driver marked my delivery as 'Customer unavailable' but I was home all day."
"TICK-0030","Can I redirect my shipment to a nearby parcel locker since I am traveling out of town?"
"TICK-0031","The package arrived severely damaged with the outer carton crushed and soaked in water."
"TICK-0032","How can I schedule an evening delivery slot for my upcoming heavy appliance shipment?"
"TICK-0033","Courier tracking states shipment held at customs due to missing declaration forms."
"TICK-0034","My package was routed to the wrong state according to the tracking scan history."
"TICK-0035","The express 1-day shipping fee was paid but delivery took four business days."
"TICK-0036","The parcel delivery driver refused to bring the heavy box up to my second-floor door."
"TICK-0037","I want to return the leather shoes because they are half a size too tight."
"TICK-0038","How long does it take for my refund to appear on my credit card after returning the package?"
"TICK-0039","I sent back the returned sweater two weeks ago and haven't received my refund confirmation."
"TICK-0040","The return shipping label provided by your portal gives a barcode error at the post office."
"TICK-0041","Can I receive store credit instead of an original payment refund for my return?"
"TICK-0042","The returned item was received at your warehouse yesterday, when will my reimbursement be processed?"
"TICK-0043","I received a partial refund but the initial shipping and sales tax amounts were excluded."
"TICK-0044","I would like to exchange my winter coat for a different color rather than receiving a refund."
"TICK-0045","What is your return policy window for items purchased during the holiday clearance sale?"
"TICK-0046","I returned three items in one box but was only refunded for one item."
"TICK-0047","The merchant promised a full refund over the phone but I have not received any confirmation email."
"TICK-0048","Can I drop off my return in person at a retail partner store instead of mailing it back?"
"TICK-0049","The blender motor stopped working on the second day of use and emits a burning plastic smell."
"TICK-0050","The laptop screen has multiple dead pixels and flickering horizontal green lines."
"TICK-0051","The ceramic coffee mug arrived broken into pieces inside the bubble wrap packaging."
"TICK-0052","The Bluetooth wireless speaker won't hold a battery charge for more than 15 minutes."
"TICK-0053","The dress fabric quality is noticeably different and much thinner than depicted on the website."
"TICK-0054","Missing assembly screws and hex wrench needed to assemble the office chair."
"TICK-0055","The smart watch sensor is giving inaccurate heart rate readings during exercise."
"TICK-0056","The soles on the hiking boots started detaching after just one weekend hike."
"TICK-0057","The wireless keyboard keys stick frequently, specifically the spacebar and Enter key."
"TICK-0058","Is there an extended manufacturer warranty available for the coffee espresso machine?"
"TICK-0059","The power adapter cord has frayed wiring near the plug and sparks when plugged into wall."
"TICK-0060","The camera lens arrived with noticeable scratches on the front glass element."
"TICK-0061","I cannot log in to my account because the password reset link sends an expired token."
"TICK-0062","My account was temporarily locked after three incorrect password attempts, please unlock it."
"TICK-0063","I am not receiving the two-factor authentication (2FA) SMS verification code on my mobile phone."
"TICK-0064","I need to change the primary email address associated with my corporate account."
"TICK-0065","Someone attempted to access my account from an unfamiliar IP address in another country."
"TICK-0066","How can I permanently delete my account and purge all my personal customer data?"
"TICK-0067","I can't update my billing address in the account settings because the Save button is greyed out."
"TICK-0068","My profile name has a typo that I cannot edit in my user dashboard."
"TICK-0069","Can I merge two separate user accounts registered under different personal email addresses?"
"TICK-0070","I lost access to my authenticator app and need to reset my backup security codes."
"TICK-0071","Why did my account loyalty reward points balance suddenly reset to zero?"
"TICK-0072","I want to revoke permissions for third-party OAuth apps connected to my account profile."
"TICK-0073","The mobile iOS application crashes instantly whenever I click on the checkout button."
"TICK-0074","The web portal throws HTTP 500 Internal Server Error when generating the monthly export report."
"TICK-0075","The search filter dropdown menu is unresponsive on Google Chrome version 128."
"TICK-0076","I keep seeing a spinning loading wheel indefinitely on the order history dashboard."
"TICK-0077","API requests to the webhook endpoint are returning 403 Forbidden despite valid bearer tokens."
"TICK-0078","The Android app freezes on a white screen after upgrading to the latest version."
"TICK-0079","Images on the product catalog pages fail to load and show broken image icons."
"TICK-0080","The export to CSV button downloads an empty file with zero bytes."
"TICK-0081","Dark mode toggle causes all text elements to turn invisible white on white background."
"TICK-0082","The auto-save feature in the document editor is failing with synchronization error 104."
"TICK-0083","The website displays SSL certificate invalid warning on the checkout subdomain."
"TICK-0084","Our team is experiencing high latency and timeout errors connecting to your server API."
"TICK-0085","I want to cancel my order #90214 immediately because I purchased it by mistake."
"TICK-0086","Please cancel my subscription before the upcoming renewal date on October 1st."
"TICK-0087","Can you cancel my furniture order? I realized the dimensions won't fit my room."
"TICK-0088","I requested order cancellation 10 minutes after ordering, please confirm it won't ship."
"TICK-0089","Cancel my recurring monthly plan and make sure no further automatic charges occur."
"TICK-0090","I want to cancel the pre-order for the video game console releasing next month."
"TICK-0091","Please cancel order #33819 since the shipping delivery date is too late for my event."
"TICK-0092","How do I cancel a pending backordered item from my order without cancelling the whole order?"
"TICK-0093","I would like to cancel my trial subscription before the paid tier activates tomorrow."
"TICK-0094","Stop shipment and cancel order #66120 right away as the recipient moved."
"TICK-0095","Can you cancel my reservation for the workshop event scheduled for this Saturday?"
"TICK-0096","I accidentally placed duplicate orders, please cancel the second duplicate order #4102."
"TICK-0097","We are interested in exploring a B2B corporate partnership and wholesale bulk purchasing."
"TICK-0098","Do you offer student discounts or educational pricing for university classrooms?"
"TICK-0099","Where can I find your corporate sustainability report and ethical manufacturing guidelines?"
"TICK-0100","I want to submit positive feedback for agent Sarah who helped resolve my inquiry yesterday."
"TICK-0101","Are there any open job opportunities in your customer relations or product team?"
"TICK-0102","Can I sell your branded merchandise in our regional boutique retail stores?"
"TICK-0103","Who should I contact regarding press relations, media interviews, and company announcements?"
"TICK-0104","Do you have an affiliate program that content creators and influencers can apply to join?"
"TICK-0105","Does your organization sponsor local youth coding hackathons or technology meetups?"
"TICK-0106","I would like to suggest a new product feature idea for your upcoming software release."
"TICK-0107","Is your platform accessible for users relying on screen readers and WCAG compliance?"
"TICK-0108","Where is your corporate headquarters located for formal legal correspondence?"
"TICK-0109","Do you provide physical product catalogs upon mail request for senior customers?"
"TICK-0110","Just wanted to say your customer support team has been extraordinary this year!"
